Nome,CRM,RQE,Plano,Telefone,Endereço
Dra. Alícia Andrade,MG 95505,N/A,UNIMED,Não revelado,Endereço não localizado
Dra. Emily Jodelly Ohya Carvalho,SP 213881,N/A,UNIMED,Não revelado,Endereço não localizado
Clínica pra Gente,N/A,N/A,UNIMED,+551151973115,Endereço não localizado
Dr. Gabriel Piacentini Bulhões,SP 254619,N/A,UNIMED,Não revelado,Endereço não localizado
Dr. Gustavo Teixeira Caprio,SP 184185,N/A,UNIMED,Não revelado,Endereço não localizado
Clínica Saúde Psíquica,N/A,N/A,UNIMED,+5511937194660,Endereço não localizado
Dra. Gabriela Mesquita Maciel,SP 238317,N/A,UNIMED,Não revelado,Endereço não localizado
Dra. Ana Angélica Luz Pereira,SP 242926,N/A,UNIMED,Não revelado,Endereço não localizado
Presenciar - Atendimento Psiquiátrico Online,N/A,N/A,UNIMED,+5531984170114,Endereço não localizado
Dra. Michele Rossato,DF 25452,N/A,UNIMED,Não revelado,Endereço não localizado
Dr. João Manoel Almeida Santos,SP 256592,N/A,UNIMED,Não revelado,Endereço não localizado
Dra. Tania Pietrobon,SP 246880,N/A,UNIMED,Não revelado,Endereço não localizado
Dr. Rodolfo Cotrik,MG 28495,19013,UNIMED,Não revelado,Endereço não localizado
Dr. Rodolfo Cotrik,MG 28495,19013,UNIMED,Não revelado,Endereço não localizado
Dra. Michele Rossato,DF 25452,N/A,UNIMED,Não revelado,Endereço não localizado
Dra. Michele Rossato,DF 25452,N/A,UNIMED,Não revelado,Endereço não localizado
Dra. Tania Pietrobon,SP 246880,N/A,UNIMED,Não revelado,Endereço não localizado
Dr. Rodolfo Cotrik,MG 28495,19013,UNIMED,Não revelado,Endereço não localizado
Dr. Lucas Katuyama,SP 237957,N/A,UNIMED,Não revelado,Endereço não localizado
Dr. Rodolfo Cotrik,MG 28495,19013,UNIMED,Não revelado,Endereço não localizado
Dra. Tania Pietrobon,SP 246880,N/A,UNIMED,Não revelado,Endereço não localizado
Dr. Igor Ribeiro,82926,57644,UNIMED,Não revelado,Endereço não localizado
Dra. Michele Rossato,DF 25452,N/A,UNIMED,Não revelado,Endereço não localizado
Dra. Michele Rossato,DF 25452,N/A,UNIMED,Não revelado,Endereço não localizado
Dr. Igor Ribeiro,82926,57644,UNIMED,Não revelado,Endereço não localizado
Dra. Tania Pietrobon,SP 246880,N/A,UNIMED,Não revelado,Endereço não localizado
Dr. Igor Ribeiro,82926,57644,UNIMED,Não revelado,Endereço não localizado
Dra. Tania Pietrobon,SP 246880,N/A,UNIMED,Não revelado,Endereço não localizado
Dra. Tania Pietrobon,SP 246880,N/A,UNIMED,Não revelado,Endereço não localizado
Dr. Rodolfo Cotrik,MG 28495,19013,UNIMED,Não revelado,Endereço não localizado
